order_date,promoter_pct,detractor_pct,total_orders
2018-05-03,0.0,100.0,1
2018-05-10,100.0,0.0,1
2018-05-11,100.0,0.0,2
2018-05-12,0.0,0.0,1
2018-05-13,100.0,0.0,1
2018-05-14,50.0,0.0,2
2018-05-15,100.0,0.0,2
2018-05-16,40.0,20.0,5
2018-05-17,0.0,0.0,1
2018-05-18,100.0,0.0,4
2018-05-19,50.0,50.0,2
2018-05-20,75.0,25.0,4
2018-05-21,50.0,0.0,2
2018-05-22,40.0,20.0,5
2018-05-23,100.0,0.0,5
2018-05-24,83.33,16.67,6
2018-05-25,66.67,33.33,3
2018-05-26,100.0,0.0,2
2018-05-27,60.0,20.0,5
2018-05-28,100.0,0.0,3
2018-05-29,71.43,14.29,7
2018-05-30,0.0,0.0,1
2018-05-31,71.43,14.29,7
2018-06-01,100.0,0.0,1
2018-06-02,66.67,33.33,3
2018-06-03,66.67,0.0,3
2018-06-04,83.33,0.0,6
2018-06-05,100.0,0.0,2
2018-06-06,100.0,0.0,1
2018-06-07,62.5,25.0,8
2018-06-08,75.0,12.5,8
2018-06-09,0.0,100.0,1
2018-06-10,75.0,8.33,12
2018-06-11,33.33,33.33,3
2018-06-12,57.14,0.0,7
2018-06-13,50.0,16.67,6
2018-06-14,75.0,25.0,8
2018-06-15,22.22,33.33,9
2018-06-16,100.0,0.0,6
2018-06-17,50.0,10.0,10
2018-06-18,60.0,30.0,10
2018-06-19,57.14,14.29,7
2018-06-20,77.78,11.11,9
2018-06-21,61.54,23.08,13
2018-06-22,33.33,33.33,9
2018-06-23,36.36,36.36,11
2018-06-24,42.86,14.29,7
2018-06-25,50.0,33.33,12
2018-06-26,73.33,6.67,15
2018-06-27,27.27,45.45,11
2018-06-28,72.22,11.11,18
2018-06-29,42.86,28.57,28
2018-06-30,45.45,18.18,11
2018-07-01,50.0,12.5,8
2018-07-02,38.89,44.44,18
2018-07-03,42.86,14.29,7
2018-07-04,50.0,16.67,6
2018-07-05,44.44,22.22,9
2018-07-06,52.94,23.53,17
2018-07-07,26.32,52.63,19
2018-07-08,53.85,23.08,13
2018-07-09,50.0,27.27,22
2018-07-10,78.95,0.0,19
2018-07-11,78.57,14.29,14
2018-07-12,59.26,25.93,27
2018-07-13,55.17,24.14,29
2018-07-14,46.15,34.62,26
2018-07-15,60.61,15.15,33
2018-07-16,58.0,26.0,50
2018-07-17,54.93,11.27,71
2018-07-18,70.27,10.81,37
2018-07-19,62.65,14.46,83
2018-07-20,71.64,11.94,67
2018-07-21,60.47,18.6,43
2018-07-22,63.16,17.54,57
2018-07-23,68.42,13.16,76
2018-07-24,46.94,30.61,49
2018-07-25,60.98,19.51,41
2018-07-26,61.54,15.38,39
2018-07-27,54.84,25.81,31
2018-07-28,72.22,5.56,18
2018-07-29,60.22,16.13,93
2018-07-30,60.87,16.3,92
2018-07-31,74.71,14.94,87
2018-08-01,56.58,19.74,76
2018-08-02,73.73,11.02,118
2018-08-03,63.95,15.12,86
2018-08-04,66.67,16.0,75
2018-08-05,62.62,20.56,107
2018-08-06,63.64,12.99,77
2018-08-07,68.09,15.96,94
2018-08-08,56.98,25.58,86
2018-08-09,66.36,14.02,107
2018-08-10,61.62,14.14,99
2018-08-11,56.32,17.24,87
2018-08-12,63.33,21.11,90
2018-08-13,72.92,6.25,96
2018-08-14,73.12,17.2,93
2018-08-15,60.71,10.71,84
2018-08-16,62.24,15.31,98
2018-08-17,61.9,20.0,105
2018-08-18,55.56,17.17,99
2018-08-19,64.63,23.17,82
2018-08-20,62.64,18.68,91
2018-08-21,66.67,18.06,72
2018-08-22,70.83,13.89,72
2018-08-23,66.0,18.0,100
2018-08-24,63.97,18.38,136
2018-08-25,75.41,6.56,61
2018-08-26,59.32,16.95,59
2018-08-27,65.22,14.49,69
2018-08-28,68.97,10.34,87
2018-08-29,63.08,15.38,65
2018-08-30,60.67,12.36,89
2018-08-31,72.73,13.22,121
2018-09-01,62.5,17.71,96
2018-09-02,52.86,27.14,70
2018-09-03,78.79,6.06,66
2018-09-04,64.0,6.0,50
2018-09-05,66.67,14.04,57
2018-09-06,61.54,11.54,52
2018-09-07,65.12,9.3,86
2018-09-08,60.29,17.65,68
2018-09-09,68.67,10.84,83
2018-09-10,64.84,19.78,91
2018-09-11,62.79,18.6,43
2018-09-12,65.31,12.24,98
2018-09-13,63.79,16.38,116
2018-09-14,61.65,16.54,133
2018-09-15,61.7,14.89,47
2018-09-16,66.67,10.67,75
2018-09-17,75.0,10.94,64
2018-09-18,69.01,9.86,71
2018-09-19,54.93,15.49,71
2018-09-20,72.28,5.94,101
2018-09-21,66.32,14.74,95
2018-09-22,65.85,13.41,82
2018-09-23,71.64,8.96,67
2018-09-24,75.41,11.48,61
2018-09-25,63.79,15.52,58
2018-09-26,82.61,7.25,69
2018-09-27,66.67,14.1,78
2018-09-28,79.76,9.52,84
2018-09-29,57.89,23.68,76
2018-09-30,62.07,18.97,58
2018-10-01,56.86,15.69,51
2018-10-02,65.38,13.46,52
2018-10-03,66.67,11.11,63
2018-10-04,67.69,13.85,65
2018-10-05,73.4,9.57,94
2018-10-06,69.57,6.52,46
2018-10-07,54.84,17.74,62
2018-10-08,64.52,14.52,62
2018-10-09,70.97,8.06,62
2018-10-10,69.01,15.49,71
2018-10-11,67.07,19.51,82
2018-10-12,72.57,15.93,113
2018-10-13,64.1,17.95,78
2018-10-14,68.49,12.33,73
2018-10-15,66.67,12.5,72
2018-10-16,66.2,9.86,71
2018-10-17,65.15,13.64,66
2018-10-18,64.22,8.26,109
2018-10-19,56.99,15.05,93
2018-10-20,68.42,10.53,76
2018-10-21,74.71,9.2,87
2018-10-22,65.79,17.11,76
2018-10-23,66.67,8.05,87
2018-10-24,55.21,18.75,96
2018-10-25,66.67,10.48,105
2018-10-26,66.0,15.0,100
2018-10-27,77.63,9.21,76
2018-10-28,73.33,13.33,75
2018-10-29,68.48,7.61,92
2018-10-30,68.49,12.33,73
2018-10-31,61.46,12.5,96
2018-11-01,59.52,10.71,84
2018-11-02,63.73,18.63,102
2018-11-03,71.64,7.46,67
2018-11-04,61.54,18.46,65
2018-11-05,67.06,10.59,85
2018-11-06,68.97,13.79,58
2018-11-07,70.15,14.93,67
2018-11-08,63.51,13.51,74
2018-11-09,59.46,14.41,111
2018-11-10,67.01,9.28,97
2018-11-11,69.77,3.49,86
2018-11-12,65.06,10.84,83
2018-11-13,64.52,12.9,62
2018-11-14,70.24,7.14,84
2018-11-15,68.09,11.7,94
2018-11-16,68.5,11.81,127
2018-11-17,71.7,11.32,53
2018-11-18,64.71,11.76,68
2018-11-19,75.47,7.55,53
2018-11-20,52.94,17.65,51
2018-11-21,74.07,5.56,54
2018-11-22,61.76,14.71,68
2018-11-23,60.66,8.2,61
2018-11-24,71.43,12.09,91
2018-11-25,68.57,5.71,70
2018-11-26,68.42,13.68,95
2018-11-27,77.65,7.06,85
2018-11-28,76.54,9.88,81
2018-11-29,67.9,16.05,81
2018-11-30,70.0,6.67,60
2018-12-01,50.79,17.46,63
2018-12-02,64.29,14.29,56
2018-12-03,69.12,8.82,68
2018-12-04,60.42,12.5,48
2018-12-05,54.84,19.35,62
2018-12-06,68.57,12.38,105
2018-12-07,75.29,7.06,85
2018-12-08,76.67,10.0,60
2018-12-09,78.18,3.64,55
2018-12-10,64.06,9.38,64
2018-12-11,62.5,17.86,56
2018-12-12,71.43,6.35,63
2018-12-13,64.56,18.99,79
2018-12-14,73.61,13.89,72
2018-12-15,68.75,7.81,64
2018-12-16,74.6,12.7,63
2018-12-17,76.25,8.75,80
2018-12-18,76.67,6.67,60
2018-12-19,75.86,8.62,58
2018-12-20,74.29,4.29,70
2018-12-21,75.71,10.0,70
2018-12-22,76.47,5.88,102
2018-12-23,60.54,15.65,147
2018-12-24,73.44,14.06,64
2018-12-25,67.03,8.79,91
2018-12-26,68.42,6.32,95
2018-12-27,68.92,10.14,148
2018-12-28,69.64,9.82,112
2018-12-29,66.67,11.9,84
2018-12-30,70.59,7.84,102
2018-12-31,75.0,9.0,100
2019-01-01,66.67,12.28,57
2019-01-02,65.52,12.64,87
2019-01-03,70.64,10.09,109
2019-01-04,73.64,14.55,110
2019-01-05,74.71,8.05,87
2019-01-06,72.86,14.29,70
2019-01-07,64.29,14.29,84
2019-01-08,73.33,16.67,90
2019-01-09,70.65,13.04,92
2019-01-10,68.69,15.15,99
2019-01-11,69.94,16.56,163
2019-01-12,65.83,15.83,120
2019-01-13,64.81,15.74,108
2019-01-14,70.51,15.38,78
2019-01-15,67.37,6.32,95
2019-01-16,65.85,12.2,82
2019-01-17,72.03,13.56,118
2019-01-18,66.67,12.38,105
2019-01-19,69.23,10.58,104
2019-01-20,68.18,11.82,110
2019-01-21,67.03,10.99,91
2019-01-22,68.37,11.22,98
2019-01-23,67.2,9.6,125
2019-01-24,70.42,10.56,142
2019-01-25,67.42,12.88,132
2019-01-26,65.31,13.27,98
2019-01-27,82.95,6.82,88
2019-01-28,62.5,13.54,96
2019-01-29,71.43,13.19,91
2019-01-30,70.0,10.0,160
2019-01-31,68.31,11.93,243
2019-02-01,69.7,10.61,132
2019-02-02,71.19,16.95,59
2019-02-03,61.19,17.91,67
2019-02-04,74.24,10.61,66
2019-02-05,81.69,4.23,71
2019-02-06,64.41,15.25,59
2019-02-07,66.67,12.35,81
2019-02-08,71.95,8.54,82
2019-02-09,73.27,6.93,101
2019-02-10,74.67,12.0,75
2019-02-11,71.76,7.06,85
2019-02-12,78.08,5.48,73
2019-02-13,70.24,15.48,84
2019-02-14,69.92,14.29,133
2019-02-15,74.32,16.22,74
2019-02-16,74.16,5.62,89
2019-02-17,73.81,9.52,84
2019-02-18,68.24,7.06,85
2019-02-19,73.68,7.89,76
2019-02-20,76.12,7.46,67
2019-02-21,71.82,7.27,110
2019-02-22,65.63,12.5,96
2019-02-23,77.38,10.71,84
2019-02-24,64.63,9.76,82
2019-02-25,71.43,10.92,119
2019-02-26,73.24,5.63,71
2019-02-27,87.27,3.64,55
2019-02-28,76.15,8.26,109
2019-03-01,66.99,15.53,103
2019-03-02,72.16,7.22,97
2019-03-03,66.95,11.02,118
2019-03-04,73.68,13.68,95
2019-03-05,63.1,17.86,84
2019-03-06,73.33,13.33,75
2019-03-07,76.36,6.36,110
2019-03-08,71.74,10.87,92
2019-03-09,73.97,5.48,73
2019-03-10,66.25,15.0,80
2019-03-11,70.37,16.05,81
2019-03-12,74.24,6.06,66
2019-03-13,66.67,11.9,84
2019-03-14,66.19,10.79,139
2019-03-15,77.03,8.11,148
2019-03-16,75.28,12.36,89
2019-03-17,65.66,9.09,99
2019-03-18,67.52,14.53,117
2019-03-19,59.42,13.04,69
2019-03-20,76.04,7.29,96
2019-03-21,74.77,6.54,107
2019-03-22,66.97,12.84,109
2019-03-23,75.64,12.82,78
2019-03-24,73.08,6.41,78
2019-03-25,77.11,10.84,83
2019-03-26,69.84,12.7,63
2019-03-27,62.93,11.21,116
2019-03-28,71.23,8.22,146
2019-03-29,67.2,14.4,125
2019-03-30,75.36,10.14,69
2019-03-31,72.97,9.46,74
2019-04-01,63.33,13.33,90
2019-04-02,70.45,17.05,88
2019-04-03,71.05,6.58,76
2019-04-04,70.59,11.76,85
2019-04-05,67.78,8.89,90
2019-04-06,71.76,9.41,85
2019-04-07,72.09,8.14,86
2019-04-08,67.11,9.21,76
2019-04-09,61.02,16.95,59
2019-04-10,79.01,8.64,81
2019-04-11,68.75,11.46,96
2019-04-12,72.57,12.39,113
2019-04-13,59.77,18.39,87
2019-04-14,72.94,12.94,85
2019-04-15,63.89,15.28,72
2019-04-16,62.22,10.0,90
2019-04-17,70.37,9.88,81
2019-04-18,67.44,13.95,129
2019-04-19,69.16,13.08,107
2019-04-20,66.22,17.57,74
2019-04-21,78.13,9.38,96
2019-04-22,63.64,7.07,99
2019-04-23,65.38,15.38,104
2019-04-24,72.57,12.39,113
2019-04-25,75.38,9.23,130
2019-04-26,74.8,11.02,127
2019-04-27,68.97,11.21,116
2019-04-28,67.91,14.93,134
2019-04-29,67.86,14.29,112
2019-04-30,67.86,15.18,112
2019-05-01,68.57,11.43,105
2019-05-02,59.06,20.47,127
2019-05-03,65.22,10.87,138
2019-05-04,73.73,10.17,118
2019-05-05,70.59,10.08,119
2019-05-06,72.93,10.53,133
2019-05-07,69.75,10.08,119
2019-05-08,66.67,19.05,105
2019-05-09,70.86,9.27,151
2019-05-10,66.88,12.74,157
2019-05-11,71.79,12.18,156
2019-05-12,67.57,17.12,111
2019-05-13,60.34,12.93,116
2019-05-14,66.14,11.02,127
2019-05-15,70.34,11.72,145
2019-05-16,72.9,11.61,155
2019-05-17,59.06,12.08,149
2019-05-18,68.75,11.11,144
2019-05-19,70.98,12.95,193
2019-05-20,74.71,12.64,87
2019-05-21,66.67,8.7,69
2019-05-22,75.0,11.96,92
2019-05-23,61.29,14.52,124
2019-05-24,69.92,13.82,123
2019-05-25,71.28,9.57,94
2019-05-26,69.66,11.24,89
2019-05-27,70.41,15.31,98
2019-05-28,59.41,15.84,101
2019-05-29,60.78,13.73,102
2019-05-30,64.83,15.17,145
2019-05-31,70.37,10.19,108
2019-06-01,67.52,11.97,117
2019-06-02,65.42,14.02,107
2019-06-03,77.45,8.82,102
2019-06-04,63.33,20.0,90
2019-06-05,59.8,16.67,102
2019-06-06,68.94,11.18,161
2019-06-07,64.34,16.28,129
2019-06-08,63.56,16.95,118
2019-06-09,66.94,15.32,124
2019-06-10,71.14,11.41,149
2019-06-11,62.16,16.89,148
2019-06-12,65.25,12.71,118
2019-06-13,61.9,15.34,189
2019-06-14,74.83,12.93,147
2019-06-15,65.45,14.55,165
2019-06-16,65.93,14.84,182
2019-06-17,64.55,17.27,110
2019-06-18,66.37,12.39,113
2019-06-19,68.22,13.18,129
2019-06-20,71.26,10.34,174
2019-06-21,69.09,15.15,165
2019-06-22,63.08,12.31,130
2019-06-23,75.0,10.61,132
2019-06-24,64.23,13.01,123
2019-06-25,65.96,15.96,94
2019-06-26,74.44,14.29,133
2019-06-27,65.45,10.3,165
2019-06-28,69.08,11.84,152
2019-06-29,72.26,11.68,137
2019-06-30,64.96,16.79,137
2019-07-01,61.86,21.19,118
2019-07-02,64.87,16.13,279
2019-07-03,66.84,12.95,193
2019-07-04,66.92,13.85,260
2019-07-05,60.0,16.8,250
2019-07-06,66.96,12.5,112
2019-07-07,61.48,16.3,135
2019-07-08,70.48,10.48,105
2019-07-09,63.27,14.29,98
2019-07-10,71.43,17.35,98
2019-07-11,69.18,10.96,146
2019-07-12,63.5,16.06,137
2019-07-13,56.6,19.81,106
2019-07-14,66.67,11.67,120
2019-07-15,62.63,12.12,99
2019-07-16,63.64,18.18,77
2019-07-17,70.24,21.43,84
2019-07-18,68.29,12.2,123
2019-07-19,73.53,6.86,102
2019-07-20,69.7,16.67,66
2019-07-21,66.67,15.79,57
2019-07-22,79.17,10.42,48
2019-07-23,78.95,13.16,38
2019-07-24,59.38,28.13,32
2019-07-25,70.21,12.77,47
2019-07-26,63.16,18.42,38
2019-07-27,78.79,6.06,66
2019-07-28,76.19,9.52,42
2019-07-29,68.32,11.18,161
2019-07-30,77.04,12.59,135
2019-07-31,70.09,9.4,117
2019-08-01,69.86,14.38,146
2019-08-02,61.67,15.0,120
2019-08-03,65.69,10.78,102
2019-08-04,74.77,9.35,107
2019-08-05,70.73,14.63,123
2019-08-06,71.9,9.09,121
2019-08-07,76.47,4.9,102
2019-08-08,76.47,10.08,119
2019-08-09,65.57,15.57,122
2019-08-10,64.29,12.5,112
2019-08-11,77.86,9.92,131
2019-08-12,70.93,14.53,172
2019-08-13,74.75,7.07,99
2019-08-14,72.28,3.96,101
2019-08-15,68.46,14.77,149
2019-08-16,69.6,8.0,125
2019-08-17,73.55,9.92,121
2019-08-18,77.6,12.8,125
2019-08-19,71.05,14.04,114
2019-08-20,70.43,11.3,115
2019-08-21,71.79,12.82,117
2019-08-22,67.86,7.86,140
2019-08-23,67.94,14.5,131
2019-08-24,66.92,13.85,130
2019-08-25,64.63,14.97,147
2019-08-26,69.05,13.1,84
2019-08-27,68.67,13.25,83
2019-08-28,59.09,15.15,66
2019-08-29,73.17,13.41,82
2019-08-30,73.24,8.45,142
2019-08-31,69.81,12.26,106
2019-09-01,75.64,12.82,78
2019-09-02,75.0,17.65,68
2019-09-03,74.29,12.86,70
2019-09-04,81.58,6.58,76
2019-09-05,70.0,9.0,100
2019-09-06,71.0,8.0,100
2019-09-07,73.98,12.2,123
2019-09-08,68.1,15.52,116
2019-09-09,68.42,13.53,133
2019-09-10,70.79,8.99,89
2019-09-11,63.44,20.43,93
2019-09-12,71.03,14.02,107
2019-09-13,71.26,17.24,87
2019-09-14,74.36,2.56,78
2019-09-15,82.47,6.19,97
2019-09-16,75.0,7.89,76
2019-09-17,66.25,15.0,80
2019-09-18,74.31,8.26,109
2019-09-19,74.31,9.03,144
2019-09-20,70.5,10.07,139
2019-09-21,71.08,13.25,83
2019-09-22,77.38,9.52,84
2019-09-23,70.37,13.58,81
2019-09-24,72.73,9.09,66
2019-09-25,72.22,12.22,90
2019-09-26,73.21,7.14,112
2019-09-27,74.58,9.32,118
2019-09-28,83.51,7.22,97
2019-09-29,76.92,7.69,65
2019-09-30,68.29,12.2,82
2019-10-01,67.14,10.0,70
2019-10-02,72.73,9.09,66
2019-10-03,74.19,11.83,93
2019-10-04,67.9,14.81,81
2019-10-05,82.81,4.69,64
2019-10-06,75.61,8.54,82
2019-10-07,79.1,7.46,67
2019-10-08,70.18,17.54,57
2019-10-09,77.63,7.89,76
2019-10-10,75.61,9.76,82
2019-10-11,78.05,6.1,82
2019-10-12,76.32,9.21,76
2019-10-13,79.27,6.1,82
2019-10-14,77.78,7.94,63
2019-10-15,79.1,1.49,67
2019-10-16,70.33,6.59,91
2019-10-17,74.02,9.45,127
2019-10-18,66.67,9.76,123
2019-10-19,71.29,8.91,101
2019-10-20,71.79,12.82,117
2019-10-21,75.89,11.61,112
2019-10-22,75.61,6.5,123
2019-10-23,67.83,13.04,115
2019-10-24,69.8,12.75,149
2019-10-25,60.84,17.48,143
2019-10-26,67.91,17.91,134
2019-10-27,61.9,14.29,126
2019-10-28,69.93,9.79,143
2019-10-29,71.74,13.04,138
2019-10-30,72.25,11.56,173
2019-10-31,68.6,11.57,242
2019-11-01,67.62,11.9,210
2019-11-02,65.27,16.77,167
2019-11-03,72.73,9.09,242
2019-11-04,65.31,16.97,271
2019-11-05,68.53,14.21,197
2019-11-06,71.48,12.46,305
2019-11-07,71.64,11.94,335
2019-11-08,62.09,17.65,306
2019-11-09,67.58,15.11,364
2019-11-10,65.67,15.92,201
2019-11-11,72.38,10.5,181
2019-11-12,73.37,13.04,184
2019-11-13,68.48,14.13,184
2019-11-14,67.98,14.04,178
2019-11-15,70.09,13.25,234
2019-11-16,70.18,12.84,218
2019-11-17,72.82,7.77,206
2019-11-18,71.63,11.35,282
2019-11-19,68.67,12.02,233
2019-11-20,69.92,10.57,246
2019-11-21,73.0,7.33,300
2019-11-22,69.45,12.73,275
2019-11-23,80.26,7.02,228
2019-11-24,76.33,8.21,207
2019-11-25,68.97,11.03,290
2019-11-26,69.79,11.91,235
2019-11-27,71.0,11.69,231
2019-11-28,76.19,4.76,294
2019-11-29,73.61,8.92,269
2019-11-30,82.8,6.0,250
2019-12-01,75.66,11.61,267
2019-12-02,70.26,14.13,269
2019-12-03,74.65,6.45,217
2019-12-04,71.43,10.92,238
2019-12-05,78.24,7.35,340
2019-12-06,72.88,7.84,306
2019-12-07,73.47,8.57,245
2019-12-08,74.42,8.14,258
2019-12-09,77.99,7.66,209
2019-12-10,73.17,7.32,205
2019-12-11,78.16,2.91,206
2019-12-12,75.86,7.28,261
2019-12-13,82.26,6.85,248
2019-12-14,75.0,10.09,228
2019-12-15,83.33,4.69,192
2019-12-16,75.2,10.57,246
2019-12-17,72.04,8.06,211
2019-12-18,75.0,8.89,180
2019-12-19,78.1,6.57,274
2019-12-20,75.6,10.4,250
2019-12-21,78.6,6.99,229
2019-12-22,77.2,7.25,193
2019-12-23,75.52,8.85,192
2019-12-24,77.18,7.77,206
2019-12-25,77.31,5.56,216
2019-12-26,76.32,7.89,304
2019-12-27,77.78,5.16,252
2019-12-28,78.1,4.76,210
2019-12-29,80.34,6.74,178
2019-12-30,82.74,8.33,168
2019-12-31,72.68,8.74,183
2020-01-01,74.85,11.11,171
2020-01-02,75.97,8.53,258
2020-01-03,79.4,7.97,301
2020-01-04,75.23,6.81,323
2020-01-05,76.42,8.54,246
2020-01-06,74.67,8.89,225
2020-01-07,73.36,9.84,244
2020-01-08,78.28,7.69,221
2020-01-09,76.14,7.37,285
2020-01-10,77.92,6.82,308
2020-01-11,73.38,5.8,293
2020-01-12,75.0,8.96,212
2020-01-13,81.0,8.6,221
2020-01-14,72.04,9.48,211
2020-01-15,73.68,8.61,209
2020-01-16,73.96,11.11,288
2020-01-17,73.62,10.24,254
2020-01-18,72.49,7.43,269
2020-01-19,75.44,10.96,228
2020-01-20,76.25,6.51,261
2020-01-21,79.65,8.66,231
2020-01-22,70.17,9.66,238
2020-01-23,76.1,8.46,272
2020-01-24,74.81,8.14,258
2020-01-25,73.66,9.88,243
2020-01-26,75.62,9.5,242
2020-01-27,77.93,8.56,222
2020-01-28,77.36,4.72,212
2020-01-29,73.44,9.54,241
2020-01-30,75.68,9.12,296
2020-01-31,75.95,9.97,341
2020-02-01,76.47,8.71,425
2020-02-02,70.34,8.28,145
2020-02-03,74.85,9.94,171
2020-02-04,78.72,7.09,141
2020-02-05,72.6,8.22,146
2020-02-06,75.14,8.84,181
2020-02-07,80.3,8.37,203
2020-02-08,78.38,6.76,222
2020-02-09,77.61,9.45,201
2020-02-10,80.27,5.83,223
2020-02-11,74.65,8.76,217
2020-02-12,73.87,9.55,199
2020-02-13,72.67,10.33,300
2020-02-14,81.32,5.49,273
2020-02-15,81.5,6.0,200
2020-02-16,77.39,4.59,283
2020-02-17,73.46,9.62,260
2020-02-18,77.59,8.62,232
2020-02-19,81.22,6.1,213
2020-02-20,77.26,6.14,277
2020-02-21,75.5,8.84,249
2020-02-22,76.62,6.97,201
2020-02-23,77.72,7.25,193
2020-02-24,78.22,8.89,225
2020-02-25,74.36,8.97,234
2020-02-26,74.4,10.63,207
2020-02-27,78.04,6.08,296
2020-02-28,79.13,8.66,254
2020-02-29,72.49,6.11,229
2020-03-01,73.23,10.61,198
2020-03-02,80.1,7.77,206
2020-03-03,76.74,6.98,172
2020-03-04,74.3,11.73,179
2020-03-05,76.6,9.79,235
2020-03-06,76.08,9.41,255
2020-03-07,74.59,10.27,185
2020-03-08,75.97,8.58,233
2020-03-09,75.45,7.59,224
2020-03-10,75.12,9.27,205
2020-03-11,77.73,6.88,247
2020-03-12,77.78,8.33,252
2020-03-13,74.42,9.3,215
2020-03-14,77.52,5.05,218
2020-03-15,74.9,9.21,239
2020-03-16,73.64,10.91,220
2020-03-17,72.61,8.71,241
2020-03-18,72.89,12.44,225
2020-03-19,74.62,11.54,260
2020-03-20,74.03,11.26,231
2020-03-21,73.09,7.23,249
2020-03-22,80.0,7.73,220
2020-03-23,74.93,10.99,355
2020-03-24,74.49,8.8,443
2020-03-25,71.79,10.77,195
2020-03-26,76.41,9.15,284
2020-03-27,76.36,6.59,258
2020-03-28,76.44,7.21,208
2020-03-29,75.68,7.34,259
2020-03-30,77.39,8.54,199
2020-03-31,77.07,7.64,157
2020-04-01,80.13,5.13,156
2020-04-02,79.51,6.34,205
2020-04-03,78.84,6.35,189
2020-04-04,79.81,2.4,208
2020-04-05,78.82,5.29,170
2020-04-06,75.63,7.11,197
2020-04-07,79.11,6.33,158
2020-04-08,81.07,7.69,169
2020-04-09,76.44,7.33,191
2020-04-10,79.27,8.29,193
2020-04-11,83.85,7.29,192
2020-04-12,76.4,8.43,178
2020-04-13,79.51,5.85,205
2020-04-14,75.0,11.84,152
2020-04-15,72.11,8.95,190
2020-04-16,77.25,7.11,211
2020-04-17,77.53,10.13,227
2020-04-18,80.41,4.64,194
2020-04-19,74.18,7.69,182
2020-04-20,79.08,10.2,196
2020-04-21,80.9,8.43,178
2020-04-22,80.7,6.43,171
2020-04-23,79.75,5.49,237
2020-04-24,72.86,6.78,339
2020-04-25,72.8,8.37,239
2020-04-26,78.97,4.76,252
2020-04-27,76.7,12.14,206
2020-04-28,75.48,7.66,261
2020-04-29,74.15,8.29,205
2020-04-30,75.42,8.05,236
2020-05-01,78.51,9.21,228
2020-05-02,73.87,9.91,222
2020-05-03,77.58,8.97,223
2020-05-04,71.29,11.48,209
2020-05-05,77.4,5.65,177
2020-05-06,76.35,7.88,203
2020-05-07,73.68,10.09,228
2020-05-08,72.12,10.62,226
2020-05-09,76.56,10.05,209
2020-05-10,77.36,8.96,212
2020-05-11,77.13,7.62,223
2020-05-12,76.44,9.77,174
2020-05-13,76.21,8.25,206
2020-05-14,72.86,8.55,269
2020-05-15,76.0,7.14,350
2020-05-16,76.44,8.38,191
2020-05-17,78.65,6.77,192
2020-05-18,71.26,11.38,167
2020-05-19,74.58,13.56,236
2020-05-20,78.6,9.88,243
2020-05-21,79.43,8.86,316
2020-05-22,77.82,10.56,284
2020-05-23,77.62,8.39,143
2020-05-24,79.47,3.31,151
2020-05-25,72.38,7.73,181
2020-05-26,72.67,10.0,150
2020-05-27,73.17,9.76,164
2020-05-28,76.7,11.17,206
2020-05-29,71.84,10.92,174
2020-05-30,74.53,11.8,161
2020-05-31,74.21,9.43,159
2020-06-01,81.44,6.59,167
2020-06-02,79.03,9.68,124
2020-06-03,72.93,10.53,133
2020-06-04,76.37,9.89,182
2020-06-05,77.84,6.59,167
2020-06-06,71.76,9.41,170
2020-06-07,73.83,9.4,149
2020-06-08,76.69,11.04,163
2020-06-09,71.6,10.06,169
2020-06-10,72.97,11.89,185
2020-06-11,75.12,10.05,209
2020-06-12,75.0,10.71,336
2020-06-13,71.94,15.81,253
2020-06-14,73.35,12.54,319
2020-06-15,70.69,13.79,348
2020-06-16,72.5,9.17,120
2020-06-17,74.81,14.07,135
2020-06-18,67.68,13.69,263
2020-06-19,76.56,10.94,192
2020-06-20,71.08,16.67,204
2020-06-21,68.36,18.08,177
2020-06-22,71.28,12.31,195
2020-06-23,70.12,14.02,164
2020-06-24,65.54,16.38,177
2020-06-25,71.22,11.71,205
2020-06-26,64.71,16.67,204
2020-06-27,68.91,13.99,193
2020-06-28,68.48,13.59,184
2020-06-29,63.22,20.06,329
2020-06-30,60.2,22.2,500
2020-07-01,61.13,19.75,319
2020-07-02,59.34,23.74,455
2020-07-03,59.91,24.83,439
2020-07-04,69.92,17.07,123
2020-07-05,59.12,23.36,137
2020-07-06,60.99,19.86,141
2020-07-07,68.69,15.15,99
2020-07-08,72.45,12.24,98
2020-07-09,69.33,14.67,150
2020-07-10,67.65,15.44,136
2020-07-11,64.8,18.4,125
2020-07-12,60.9,20.3,133
2020-07-13,63.16,21.05,133
2020-07-14,64.42,21.15,104
2020-07-15,63.06,18.02,111
2020-07-16,61.38,15.86,145
2020-07-17,63.06,18.02,111
2020-07-18,66.36,17.27,110
2020-07-19,65.85,20.73,82
2020-07-20,70.21,17.02,94
2020-07-21,69.09,23.64,55
2020-07-22,68.97,13.79,58
2020-07-23,61.54,18.46,65
2020-07-24,67.86,12.5,56
2020-07-25,56.25,29.17,48
2020-07-26,65.52,13.79,58
2020-07-27,57.69,28.85,52
2020-07-28,74.19,19.35,31
2020-07-29,64.52,16.67,186
2020-07-30,65.58,16.88,154
2020-07-31,62.26,17.61,159
2020-08-01,66.67,18.7,123
2020-08-02,67.18,16.79,131
2020-08-03,66.97,16.51,109
2020-08-04,69.37,14.41,111
2020-08-05,68.5,10.24,127
2020-08-06,61.22,20.41,147
2020-08-07,64.91,19.88,171
2020-08-08,62.66,22.15,158
2020-08-09,69.54,14.57,151
2020-08-10,68.79,18.47,157
2020-08-11,68.94,9.85,132
2020-08-12,64.66,15.79,133
2020-08-13,72.11,17.37,190
2020-08-14,64.8,15.64,179
2020-08-15,62.64,19.23,182
2020-08-16,73.1,12.41,145
2020-08-17,67.61,14.2,176
2020-08-18,72.73,13.9,187
2020-08-19,77.27,10.8,176
2020-08-20,75.11,9.87,233
2020-08-21,68.67,12.97,316
2020-08-22,66.07,16.07,112
2020-08-23,71.32,13.97,136
2020-08-24,65.31,17.35,98
2020-08-25,66.07,16.07,112
2020-08-26,64.6,19.47,113
2020-08-27,70.25,17.36,121
2020-08-28,71.17,18.92,111
2020-08-29,80.33,10.66,122
2020-08-30,71.54,13.01,123
2020-08-31,74.63,11.94,67
2020-09-01,78.13,10.94,64
2020-09-02,79.17,6.94,72
2020-09-03,71.43,5.71,70
2020-09-04,77.42,8.06,62
2020-09-05,82.43,9.46,74
2020-09-06,75.0,10.0,60
2020-09-07,90.0,2.5,40
2020-09-08,78.26,8.7,23
2020-09-09,53.85,15.38,13
2020-09-10,94.12,5.88,17
2020-09-11,100.0,0.0,1
